rpi,seq
RPI 01,ATCACG
RPI 02,CGATGT
RPI 03,TTAGGC
RPI 04,TGACCA
RPI 05,ACAGTG
RPI 06,GCCAAT
RPI 07,CAGATC
RPI 08,ACTTGA
RPI 09,GATCAG
RPI 10,TAGCTT
RPI 11,GGCTAC
RPI 12,CTTGTA
RPI 13,AGTCAA
RPI 14,AGTTCC
RPI 15,ATGTCA
RPI 16,CCGTCC
RPI 17,GTAGAG
RPI 18,GTCCGC
RPI 19,GTGAAA
RPI 20,GTGGCC
RPI 21,GTTTCG
RPI 22,CGTACG
RPI 23,GAGTGG
RPI 24,GGTAGC
RPI 25,ACTGAT
RPI 26,ATGAGC
RPI 27,ATTCCT
RPI 28,CAAAAG
RPI 29,CAACTA
RPI 30,CACCGG
RPI 31,CACGAT
RPI 32,CACTCA
RPI 33,CAGGCG
RPI 34,CATGGC
RPI 35,CATTTT
RPI 36,CCAACA
RPI 37,CGGAAT
RPI 38,CTAGCT
RPI 39,CTATAC
RPI 40,CTCAGA
RPI 41,GACGAC
RPI 42,TAATCG
RPI 43,TACAGC
RPI 44,TATAAT
RPI 45,TCATTC
RPI 46,TCCCGA
RPI 47,TCGAAG
RPI 48,TCGGCA